{
    "area": {
        "id": "8a754a16-0027-3a29-b6d7-2b40ea0481ed",
        "name": "United Kingdom",
        "sort-name": "United Kingdom"
    },
    "country": "GB",
    "disambiguation": "60s band from the UK",
    "id": "9282c8b4-ca0b-4c6b-b7e3-4f7762dfc4d6",
    "life-span": {
        "begin": "1967",
        "ended": null
    },
    "name": "Nirvana",
    "score": "100",
    "sort-name": "Nirvana",
    "tags": [
        {
            "count": 1,
            "name": "rock"
        },
        {
            "count": 1,
            "name": "pop"
        },
        {
            "count": 1,
            "name": "progressive rock"
        },
        {
            "count": 1,
            "name": "orchestral"
        },
        {
            "count": 1,
            "name": "british"
        },
        {
            "count": 1,
            "name": "power pop"
        },
        {
            "count": 1,
            "name": "psychedelic rock"
        },
        {
            "count": 1,
            "name": "soft rock"
        },
        {
            "count": 1,
            "name": "symphonic rock"
        },
        {
            "count": 1,
            "name": "english"
        }
    ],
    "type": "Group"
}